'id',
"65c0d676",
"097c52b7",
"a6346c69",
"495e55c4",
"b072e0cb",
"a88f314a",
"5aa62abd",
"5452f4d9",
"2c02c32a",
"c970c63a",
"f4ab75c5",
"b20bfda2",
"cc0b0c2a",
"35e513e9",
"047cd292",
"c677b799",
"9898befd",
"0a592872",
"026f5b4e",
"d6f5a986",
"de56ac04",
"b0a2b62e",
"801b17b5",
"b9ee8e85",
"23cb7913",
"e3a0c11a",
"246944bf",
"08a3f6de",
"3f30062a",
"fe18d3de",
"e7988836",
"cff6b89f",
"4dae4b84",
"26fa125f",
"deb5a5eb",
"635c59b3",
"2caffe77",
"1d56b41b",
"299c73a0",
"a7d23d2b",
"608c4797",
"d29d99cb",
"a29e1cce",
"f9907957",
"dc91dec1",
"5fbbb31a",
"28e27a72",
"73e585ba",
"24571175",
"0700f80d",
"12d41780",
"f76fea50",
"f8900001",
"558b2fb2",
"46c157f4",
"1f1ff8b2",
"51ad0258",
"bcb5304b",
"70dd4819",
"5d64ebef",
"e21ebf7e",
"d3f19178",
"06712376",
"6b47e0c9",
"3b9dd335",
"640236b8",
"6a4af86d",
"39a60aba",
"7b8c5e09",
"f231c83c",
"579875a6",
"856a0828",
"66bf9e66",
"a893fe06",
"0a73991d",
"9b3905dc",
"c383ec64",
"3782f209",
"8fd53615",
"f35bf2a2",
"0e5555d2",
"b16770e7",
"9a5682cc",
"1e48965e",
"da254f1d",
"f39db90f",
"21e5f5c5",
"43afd5e4",
"cfb00f4a",
"ddf93b32",
"6c017ea8",
"89737ce9",
"3cda9447",
"f9439ec1",
"00b6acb8",
"0ec1e1c2",
"b039cf82",
"d5ff39bb",
"6243dec1",
"15e7eaff",
"47a7a64e",
"9a9f7d44",
"e495147e",
"1bb35327",
"fb365d5b",
"fcaefdf5",
"7a78e6da",
"377e9829",
"2776324d",
"eecb212b",
"1afe6f1b",
"4ff85cbc",
"18a1421d",
"54a8970b",
"0a02706f",
"214322c7",
"a159fa52",
"5e2c21dc",
"c441eed3",
"6a91788f",
"2ef06ed5",
"d44b937b",
"56c1794a",
"b2255fe1",
"0132ce5d",
"4d9d8a2f",
"91e8355a",
"14c49fc8",
"818139ed",
"73f39089",
"b2bd78e0",
"97d14b83",
"e78f1836",
"fda0c230",
"a240aa48",
"ee176cd9",
"9c7ea7aa",
"386ded33",
"a28fabb1",
"19696720",
"2c8de643",
"e49a883c",
"6f09dd34",
"ec57b9d2",
"bbc3c1cd",
"b52e34bd",
"412c56f9",
"4ff458e1",
"48b62897",
"71f603af",
"841da3ba",
"cc165958",
"07315d9d",
"61cb0fa9",
"c17ca41f",
"214e8fd8",
"5b77ed5b",
"28d7d8f7",
"1f1df2e3",
"b95adf38",
"58f0ff24",
"201e6e34",
"0088ad43",
"ed3b650e",
"8f8a6b48",
"e69c769a",
"cfa79ff3",
"7ef16362",
"51d9c71d",
"0a5bcda3",
"9e17e8ad",
"4774e8c2",
"00c31c21",
"0ba61323",
"bd8f319a",
"f4d0db73",
"c3466c6d",
"64893ddb",
"737cafb5",
"71516ca5",
"c5b55a60",
"166fb89c",
"39982461",
"95708a6f",
"e2ed83ad",
"c2de06f9",
"1e938870",
"22993116",
"a66e1496",
"e85ab394",
"c1fbed93",
"dfc54bff",
"3cce6782",
"c494cd22",
"fa50c59b",
"e3115f58",
"8bc1c622",
"e1e3dc30",
"2832a523",
"ff7155cd",
"81bde8eb",
"f4909c5d",
"1580f98b",
"15125b6b",
"4df86002",
"93354382",
"8aa66325",
"499ea8c9",
"844fea72",
"fcfe32e8",
"128a9a5e",
"2520d28a",
"42edfd5e",
"263aea32",
"8dce1883",
"5247e7cb",
"b682a092",
"154b98ab",
"5c7c9598",
"79d2123c",
"bd1b9fe8",
"3f5dc44a",
"c7b964f5",
"e3c4733c",
"8d51c3dd",
"fccd7106",
"b1bc3b13",
"b25c07f1",
"37bef568",
"aa56e95a",
"60ae6a3f",
"c44f83aa",
"712e2c13",
"5dbd5215",
"d3c5b00d",
"c3b4f38f",
"f509c849",
"14907ede",
"73024a44",
"cd2ce4db",
"200f5eb7",
"e3233750",
"107bbfb5",
"60335232",
"d8bf76ed",
"59043187",
"527b8e48",
"24cdc8d1",
"9c46ef6f",
"abad04a8",
"8f12351b",
"7776bb6b",
"d65f6ae9",
"64af8863",
"55575d3e",
"f1ea6522",
"8be9392a",
"b6a8e4f0",
"8e73c9d9",
"c31f0d1f",
"24b88ae5",
"8dcf987d",
"c82d102c",
"4bf12043",
"4fe4e1d5",
"f7f53852",
"3f9d8053",
"4f6d4bfa",
"a014f886",
"ea9cf044",
"74f1ed59",
"a7ce4753",
"7d2de008",
"3035955f",
"ff1bda3a",
"afaa1848",
"9e1f448b",
"95dc0668",
"dd79edef",
"331d079a",
"aa79cc7b",
"8cdfa073",
"a409b515",
"4fe9dfb1",
"7e84a957",
"10d050d4",
"636f93d5",
"cbf8619f",
"0501b223",
"333e9bfd",
"6b491d10",
"6531f31f",
"34a82990",
"7247d067",
"e83bba68",
"ddba986f",
"5b6fc332",
"e09bdb71",
"e66dafe2",
"46b4f512",
"65c0d676",
"097c52b7",
"a6346c69",
"495e55c4",
"b072e0cb",
"a88f314a",
"5aa62abd",
"5452f4d9",
"2c02c32a",
"c970c63a",
"f4ab75c5",
"b20bfda2",
"cc0b0c2a",
"35e513e9",
"047cd292",
"c677b799",
"9898befd",
"0a592872",
"026f5b4e",
"d6f5a986",
"de56ac04",
"b0a2b62e",
"801b17b5",
"b9ee8e85",
"23cb7913",
"e3a0c11a",
"ca44b477",
"246944bf",
"08a3f6de",
"3f30062a",
"fe18d3de",
"e7988836",
"cff6b89f",
"7316ebe4",
"4dae4b84",
"26fa125f",
"4a0db7b3",
"deb5a5eb",
"635c59b3",
"2caffe77",
"1d56b41b",
"299c73a0",
"a7d23d2b",
"608c4797",
"d29d99cb",
"a29e1cce",
"f9907957",
"dc91dec1",
"5fbbb31a",
"28e27a72",
"73e585ba",
"24571175",
"0700f80d",
"12d41780",
"f76fea50",
"558b2fb2",
"46c157f4",
"1f1ff8b2",
"51ad0258",
"bcb5304b",
"70dd4819",
"5d64ebef",
"e21ebf7e",
"8a55eb70",
"d3f19178",
"06712376",
"6b47e0c9",
"3b9dd335",
"640236b8",
"6a4af86d",
"39a60aba",
"b1d8fcd0",
"7b8c5e09",
"f231c83c",
"579875a6",
"856a0828",
"66bf9e66",
"a893fe06",
"0a73991d",
"9b3905dc",
"c383ec64",
"3782f209",
"8fd53615",
"f35bf2a2",
"0e5555d2",
"b16770e7",
"9a5682cc",
"1e48965e",
"da254f1d",
"f39db90f",
"21e5f5c5",
"43afd5e4",
"cfb00f4a",
"ddf93b32",
"6c017ea8",
"89737ce9",
"3cda9447",
"f9439ec1",
"00b6acb8",
"0ec1e1c2",
"b039cf82",
"d5ff39bb",
"6243dec1",
"47a7a64e",
"9a9f7d44",
"e495147e",
"1bb35327",
"fb365d5b",
"fcaefdf5",
"7a78e6da",
"377e9829",
"2776324d",
"eecb212b",
"1afe6f1b",
"4ff85cbc",
"18a1421d",
"54a8970b",
"0a02706f",
"214322c7",
"a159fa52",
"5e2c21dc",
"c441eed3",
"6a91788f",
"2ef06ed5",
"d44b937b",
"56c1794a",
"b2255fe1",
"0132ce5d",
"4d9d8a2f",
"91e8355a",
"14c49fc8",
"818139ed",
"73f39089",
"b2bd78e0",
"97d14b83",
"e78f1836",
"fda0c230",
"a240aa48",
"ee176cd9",
"9c7ea7aa",
"386ded33",
"a28fabb1",
"19696720",
"2c8de643",
"e49a883c",
"6f09dd34",
"ec57b9d2",
"bbc3c1cd",
"b52e34bd",
"412c56f9",
"4ff458e1",
"48b62897",
"71f603af",
"841da3ba",
"cc165958",
"07315d9d",
"61cb0fa9",
"c17ca41f",
"214e8fd8",
"5b77ed5b",
"28d7d8f7",
"1f1df2e3",
"b95adf38",
"58f0ff24",
"201e6e34",
"0088ad43",
"e5087a9e",
"ed3b650e",
"8f8a6b48",
"e69c769a",
"cfa79ff3",
"7ef16362",
"51d9c71d",
"27e1ac45",
"0a5bcda3",
"9e17e8ad",
"4774e8c2",
"00c31c21",
"0ba61323",
"bd8f319a",
"f4d0db73",
"c3466c6d",
"64893ddb",
"737cafb5",
"71516ca5",
"c5b55a60",
"166fb89c",
"39982461",
"95708a6f",
"e2ed83ad",
"c2de06f9",
"1e938870",
"22993116",
"a66e1496",
"e85ab394",
"dfc54bff",
"3cce6782",
"c494cd22",
"fa50c59b",
"e3115f58",
"8bc1c622",
"e1e3dc30",
"2832a523",
"ff7155cd",
"81bde8eb",
"f4909c5d",
"1580f98b",
"15125b6b",
"4df86002",
"93354382",
"8aa66325",
"499ea8c9",
"844fea72",
"fcfe32e8",
"128a9a5e",
"2520d28a",
"42edfd5e",
"263aea32",
"8dce1883",
"5247e7cb",
"b682a092",
"154b98ab",
"5c7c9598",
"79d2123c",
"bd1b9fe8",
"3f5dc44a",
"c7b964f5",
"e3c4733c",
"8d51c3dd",
"fccd7106",
"b1bc3b13",
"b25c07f1",
"37bef568",
"aa56e95a",
"60ae6a3f",
"c44f83aa",
"712e2c13",
"5dbd5215",
"d3c5b00d",
"c3b4f38f",
"f509c849",
"14907ede",
"73024a44",
"cd2ce4db",
"e3233750",
"107bbfb5",
"60335232",
"d8bf76ed",
"59043187",
"527b8e48",
"24cdc8d1",
"9c46ef6f",
"abad04a8",
"8f12351b",
"7776bb6b",
"d65f6ae9",
"64af8863",
"55575d3e",
"f1ea6522",
"8be9392a",
"b6a8e4f0",
"8e73c9d9",
"c31f0d1f",
"24b88ae5",
"8dcf987d",
"c82d102c",
"4bf12043",
"4fe4e1d5",
"f7f53852",
"3f9d8053",
"4f6d4bfa",
"a014f886",
"ea9cf044",
"74f1ed59",
"a7ce4753",
"7d2de008",
"3035955f",
"ff1bda3a",
"afaa1848",
"9e1f448b",
"95dc0668",
"dd79edef",
"331d079a",
"aa79cc7b",
"8cdfa073",
"a409b515",
"4fe9dfb1",
"7e84a957",
"10d050d4",
"636f93d5",
"cbf8619f",
"0501b223",
"333e9bfd",
"6b491d10",
"6531f31f",
"34a82990",
"7247d067",
"e83bba68",
"ddba986f",
"5b6fc332"